{"cameraMode":{"drawMode":0,"name":"Shaded","section":"Shading Mode"},"sceneLighting":false,"audioPlay":false,"sceneViewState":{"m_AlwaysRefresh":false,"showFog":true,"showSkybox":false,"showFlares":true,"showImageEffects":true,"showParticleSystems":true,"showVisualEffectGraphs":true,"m_FxEnabled":true},"in2DMode":false,"pivot":{"x":-0.5760269165039063,"y":-0.20638656616210938,"z":-5.8291778564453129},"rotation":{"x":-0.4914078414440155,"y":-0.5085078477859497,"z":-0.49347779154777529,"w":0.5063744783401489},"size":21.699989318847658,"orthographic":false}